"UID","Name","DOI","Citation","Rights","More Information","Data generalisations","Information withheld","Download limit","Number of Records in Download"
"dp34","Department of Planning, Industry and Environment representing the State of New South Wales","","Records provided by Department of Planning, Industry and Environment representing the State of New South Wales, accessed through ALA website.","","For more information: https://collections.ala.org.au/public/show/dp34","","","","111"
"dp20","OZCAM (Online Zoological Collections of Australian Museums) Provider","","Records provided by OZCAM (Online Zoological Collections of Australian Museums) Provider, accessed through ALA website.","","For more information: https://collections.ala.org.au/public/show/dp20","","","","1"
"dr8128","Australian Platypus Conservancy","10.15468/jqg4g8","Australian Platypus Conservancy","Creative Commons Attribution (International) (CC-BY 4.0 (Int)) Australian Platypus Conservancy 
        Creative Commons Attribution (International) (CC-BY 4.0 (Int) 4.0)","For more information: https://collections.ala.org.au/public/show/dr8128","","","","14"
"dr7973","cPlatypus","10.15468/vt3gjf","Records provided by cPlatypus, accessed through ALA website.","Creative Commons Attribution-Noncommercial (International) (CC-BY-NC 2.5 (Int))","For more information: https://collections.ala.org.au/public/show/dr7973","","","","16"
"co80","Australian Museum Mammalogy Collection","","Records provided by Australian Museum Mammalogy Collection, accessed through ALA website.","","For more information: https://collections.ala.org.au/public/show/co80","","","","1"
"dr360","Encyclopedia of Life Images - Flickr Group","","Citation is at the individual image","Creative Commons - license at record level (Creative Commons - license at record level)","For more information: https://collections.ala.org.au/public/show/dr360","","","","2"
"in4","Australian Museum","","Records provided by Australian Museum, accessed through ALA website.","","For more information: https://collections.ala.org.au/public/show/in4","","","","1"
"dr368","NSW BioNet Atlas","10.15468/14jd9g","BioNet Species Sightings occurrence data held by the NSW Office of Environment and Heritage (OEH).   The BioNet repository holds data from a number of sources and custodians. (Accessed through ALA Data Portal,<Date of Access>).","Creative Commons Attribution (International) (CC-BY 4.0 (Int))","For more information: https://collections.ala.org.au/public/show/dr368","","","","111"
"dr1411","iNaturalist Australia","","iNaturalist.org: iNaturalist Research-grade Observations. doi:10.15468/ab3s5x
Accessed via http://www.gbif.org/dataset/50c9509d-22c7-4a22-a47d-8c48425ef4a7 on 2017-03-16","CC-BY-NC-Int","For more information: https://collections.ala.org.au/public/show/dr1411","","","","11"
"dr340","Australian Museum provider for OZCAM","10.15468/e7susi","Records provided by Australian Museum provider for OZCAM, accessed through ALA website.","Creative Commons Attribution (Australia) (CC-BY 3.0 (Au)) Australian Museum, http://australianmuseum.net.au/ Creative Commons Attribution (Australia) (CC-BY 3.0 (Au) 3.0)","For more information: https://collections.ala.org.au/public/show/dr340","","","","1"
"dr364","ALA species sightings and OzAtlas","10.15468/jayxmn","Individual sighting: Atlas of Living Australia (2023) Individual sighting dataset
Test sighting: Atlas of Living Australia (2023) Test sighting dataset
","CC-BY","For more information: https://collections.ala.org.au/public/show/dr364","","","","19"
"dp29","Flickr","","Records provided by Flickr, accessed through ALA website.","","For more information: https://collections.ala.org.au/public/show/dp29","","","","2"
