"Column name","Requested field","DwC Name","Field name","Field description","Download field name","Download field description","More information"
"recordID","id","recordID","id","Record ID","id","Record ID","Atlas unique ID for this record http://rs.tdwg.org/dwc/terms/recordID"
"scientificName","scientificName","scientificName","scientificName","Scientific name","scientificName","Scientific Name (intepreted)","The name the Atlas has matched this record to in the NSL http://rs.tdwg.org/dwc/terms/scientificName"
"taxonConceptID","taxonConceptID","taxonConceptID","taxonConceptID","Taxon Concept ID","taxonConceptID","","The GUID for the concept in the National Species List (NSL) http://rs.tdwg.org/dwc/terms/taxonConceptID"
"decimalLatitude","decimalLatitude","decimalLatitude","decimalLatitude","Latitude","decimalLatitude","Decimal latitude (WGS84)","The decimal latitude associated with this record. If the original latitude was supplied in degrees, minutes, seconds, this value represents the converted value. http://rs.tdwg.org/dwc/terms/decimalLatitude"
"decimalLongitude","decimalLongitude","decimalLongitude","decimalLongitude","Longitude","decimalLongitude","Decimal longitude (WGS84)","The decimal longitude associated with this record. If the original longitude was supplied in degrees, minutes, seconds, this value represents the converted value. http://rs.tdwg.org/dwc/terms/decimalLongitude"
"eventDate","eventDate","eventDate","eventDate","Event Date","eventDate","Event Date","The ISO formatted date of observation, specimen collection date. http://rs.tdwg.org/dwc/terms/eventDate"
"occurrenceStatus","occurrenceStatus","occurrenceStatus","occurrenceStatus","Presence/Absence","occurrenceStatus","Occurrence status","A statement about the presence or absence of a taxon at a Location http://rs.tdwg.org/dwc/terms/occurrenceStatus"
"dataResourceName","dataResourceName","","dataResourceName","Dataset","dataResourceName","Data Resource Name","The data resource that supplies the record. This is typically a CSV or DwCA file, or a webservice."
"eventRemarks","eventRemarks","eventRemarks","eventRemarks","Event Remarks","eventRemarks","","http://rs.tdwg.org/dwc/terms/eventRemarks"
"eventTime","eventTime","eventTime","eventTime","Event Time","eventTime","Event Time","http://rs.tdwg.org/dwc/terms/eventTime"
"eventID","eventID","eventID","eventID","Event ID","eventID","","http://rs.tdwg.org/dwc/terms/eventID"
"samplingEffort","samplingEffort","samplingEffort","samplingEffort","Sampling Effort","samplingEffort","","http://rs.tdwg.org/dwc/terms/samplingEffort"
"samplingProtocol","samplingProtocol","samplingProtocol","samplingProtocol","Sampling Protocol","samplingProtocol","","http://rs.tdwg.org/dwc/terms/samplingProtocol"
"kingdom","kingdom","kingdom","kingdom","Kingdom","kingdom","Kingdom","The kingdom the Atlas has matched this record to in the system classification http://rs.tdwg.org/dwc/terms/kingdom"
"phylum","phylum","phylum","phylum","Phylum","phylum","Phylum","The phylum the Atlas has matched this record to in the NSL http://rs.tdwg.org/dwc/terms/phylum"
"class","class","class","class","Class","class","Class","The class the Atlas has matched this record to in the NSL http://rs.tdwg.org/dwc/terms/class"
"order","order","order","order","Order","order","Order","The order the Atlas has matched this record to in the NSL http://rs.tdwg.org/dwc/terms/order"
"family","family","family","family","Family","family","Family","The family the Atlas has matched this record to in the NSL http://rs.tdwg.org/dwc/terms/family"
"genus","genus","genus","genus","Genus","genus","Genus","The genus the Atlas has matched this record to in the NSL http://rs.tdwg.org/dwc/terms/genus"
"species","species","species","species","Species","species","Species","The species the Atlas has matched this record to in the NSL http://rs.tdwg.org/dwc/terms/species"
"subspecies","subspecies","","subspecies","Subspecies","subspecies","Subspecies","The subspecies the Atlas has matched this record to in the NSL"
"multimedia","multimedia","","multimedia","Multimedia","multimedia","",""
"images","imageIDs","images","imageIDs","images","imageIDs","images","Image URLs for this record http://rs.tdwg.org/dwc/terms/images"
"videos","videoIDs","videos","videoIDs","videos","videoIDs","videos","http://rs.tdwg.org/dwc/terms/videos"
"sounds","soundIDs","sounds","soundIDs","sounds","soundIDs","sounds","http://rs.tdwg.org/dwc/terms/sounds"
"AMBIGUOUS_COLLECTION","AMBIGUOUS_COLLECTION","","","","","",""
"AMBIGUOUS_INSTITUTION","AMBIGUOUS_INSTITUTION","","","","","",""
"BASIS_OF_RECORD_INVALID","BASIS_OF_RECORD_INVALID","","","","","",""
"biosecurityIssue","biosecurityIssue","","","","","",""
"COLLECTION_MATCH_FUZZY","COLLECTION_MATCH_FUZZY","","","","","",""
"COLLECTION_MATCH_NONE","COLLECTION_MATCH_NONE","","","","","",""
"CONTINENT_COORDINATE_MISMATCH","CONTINENT_COORDINATE_MISMATCH","","","","","",""
"CONTINENT_COUNTRY_MISMATCH","CONTINENT_COUNTRY_MISMATCH","","","","","",""
"CONTINENT_DERIVED_FROM_COORDINATES","CONTINENT_DERIVED_FROM_COORDINATES","","","","","",""
"CONTINENT_DERIVED_FROM_COUNTRY","CONTINENT_DERIVED_FROM_COUNTRY","","","","","",""
"CONTINENT_INVALID","CONTINENT_INVALID","","","","","",""
"COORDINATE_INVALID","COORDINATE_INVALID","","","","","",""
"COORDINATE_OUT_OF_RANGE","COORDINATE_OUT_OF_RANGE","","","","","",""
"COORDINATE_PRECISION_INVALID","COORDINATE_PRECISION_INVALID","","","","","",""
"COORDINATE_REPROJECTED","COORDINATE_REPROJECTED","","","","","",""
"COORDINATE_REPROJECTION_FAILED","COORDINATE_REPROJECTION_FAILED","","","","","",""
"COORDINATE_REPROJECTION_SUSPICIOUS","COORDINATE_REPROJECTION_SUSPICIOUS","","","","","",""
"COORDINATE_ROUNDED","COORDINATE_ROUNDED","","","","","",""
"COORDINATE_UNCERTAINTY_METERS_INVALID","COORDINATE_UNCERTAINTY_METERS_INVALID","","","","","",""
"COORDINATES_CENTRE_OF_COUNTRY","COORDINATES_CENTRE_OF_COUNTRY","","","","","",""
"COORDINATES_CENTRE_OF_STATEPROVINCE","COORDINATES_CENTRE_OF_STATEPROVINCE","","","","","",""
"COUNTRY_COORDINATE_MISMATCH","COUNTRY_COORDINATE_MISMATCH","","","","","",""
"COUNTRY_DERIVED_FROM_COORDINATES","COUNTRY_DERIVED_FROM_COORDINATES","","","","","",""
"COUNTRY_INVALID","COUNTRY_INVALID","","","","","",""
"COUNTRY_MISMATCH","COUNTRY_MISMATCH","","","","","",""
"DEPTH_MIN_MAX_SWAPPED","DEPTH_MIN_MAX_SWAPPED","","","","","",""
"DEPTH_NON_NUMERIC","DEPTH_NON_NUMERIC","","","","","",""
"DEPTH_NOT_METRIC","DEPTH_NOT_METRIC","","","","","",""
"DEPTH_UNLIKELY","DEPTH_UNLIKELY","","","","","",""
"detectedOutlier","detectedOutlier","","","","","",""
"DIFFERENT_OWNER_INSTITUTION","DIFFERENT_OWNER_INSTITUTION","","","","","",""
"ELEVATION_MIN_MAX_SWAPPED","ELEVATION_MIN_MAX_SWAPPED","","","","","",""
"ELEVATION_NON_NUMERIC","ELEVATION_NON_NUMERIC","","","","","",""
"ELEVATION_NOT_METRIC","ELEVATION_NOT_METRIC","","","","","",""
"ELEVATION_UNLIKELY","ELEVATION_UNLIKELY","","","","","",""
"FIRST_OF_CENTURY","FIRST_OF_CENTURY","","","","","",""
"FIRST_OF_MONTH","FIRST_OF_MONTH","","","","","",""
"FIRST_OF_YEAR","FIRST_OF_YEAR","","","","","",""
"FOOTPRINT_SRS_INVALID","FOOTPRINT_SRS_INVALID","","","","","",""
"FOOTPRINT_WKT_INVALID","FOOTPRINT_WKT_INVALID","","","","","",""
"FOOTPRINT_WKT_MISMATCH","FOOTPRINT_WKT_MISMATCH","","","","","",""
"GEODETIC_DATUM_ASSUMED_WGS84","GEODETIC_DATUM_ASSUMED_WGS84","","","","","",""
"GEODETIC_DATUM_INVALID","GEODETIC_DATUM_INVALID","","","","","",""
"GEOREFERENCE_POST_OCCURRENCE","GEOREFERENCE_POST_OCCURRENCE","","","","","",""
"GEOREFERENCED_DATE_INVALID","GEOREFERENCED_DATE_INVALID","","","","","",""
"GEOREFERENCED_DATE_UNLIKELY","GEOREFERENCED_DATE_UNLIKELY","","","","","",""
"geospatialIssue","geospatialIssue","","","","","",""
"habitatMismatch","habitatMismatch","","","","","",""
"ID_PRE_OCCURRENCE","ID_PRE_OCCURRENCE","","","","","",""
"identificationIncorrect","identificationIncorrect","","","","","",""
"IDENTIFIED_DATE_INVALID","IDENTIFIED_DATE_INVALID","","","","","",""
"IDENTIFIED_DATE_UNLIKELY","IDENTIFIED_DATE_UNLIKELY","","","","","",""
"INDIVIDUAL_COUNT_CONFLICTS_WITH_OCCURRENCE_STATUS","INDIVIDUAL_COUNT_CONFLICTS_WITH_OCCURRENCE_STATUS","","","","","",""
"INDIVIDUAL_COUNT_INVALID","INDIVIDUAL_COUNT_INVALID","","","","","",""
"INSTITUTION_COLLECTION_MISMATCH","INSTITUTION_COLLECTION_MISMATCH","","","","","",""
"INSTITUTION_MATCH_FUZZY","INSTITUTION_MATCH_FUZZY","","","","","",""
"INSTITUTION_MATCH_NONE","INSTITUTION_MATCH_NONE","","","","","",""
"INTERPRETATION_ERROR","INTERPRETATION_ERROR","","","","","",""
"INVALID_SCIENTIFIC_NAME","INVALID_SCIENTIFIC_NAME","","","","","",""
"LOCATION_NOT_SUPPLIED","LOCATION_NOT_SUPPLIED","","","","","",""
"MISSING_COLLECTION_DATE","MISSING_COLLECTION_DATE","","","","","",""
"MISSING_GEODETICDATUM","MISSING_GEODETICDATUM","","","","","",""
"MISSING_GEOREFERENCE_DATE","MISSING_GEOREFERENCE_DATE","","","","","",""
"MISSING_GEOREFERENCEDBY","MISSING_GEOREFERENCEDBY","","","","","",""
"MISSING_GEOREFERENCEPROTOCOL","MISSING_GEOREFERENCEPROTOCOL","","","","","",""
"MISSING_GEOREFERENCESOURCES","MISSING_GEOREFERENCESOURCES","","","","","",""
"MISSING_GEOREFERENCEVERIFICATIONSTATUS","MISSING_GEOREFERENCEVERIFICATIONSTATUS","","","","","",""
"MISSING_TAXONRANK","MISSING_TAXONRANK","","","","","",""
"MODIFIED_DATE_INVALID","MODIFIED_DATE_INVALID","","","","","",""
"MODIFIED_DATE_UNLIKELY","MODIFIED_DATE_UNLIKELY","","","","","",""
"MULTIMEDIA_DATE_INVALID","MULTIMEDIA_DATE_INVALID","","","","","",""
"MULTIMEDIA_URI_INVALID","MULTIMEDIA_URI_INVALID","","","","","",""
"NAME_NOT_SUPPLIED","NAME_NOT_SUPPLIED","","","","","",""
"OCCURRENCE_STATUS_INFERRED_FROM_BASIS_OF_RECORD","OCCURRENCE_STATUS_INFERRED_FROM_BASIS_OF_RECORD","","","","","",""
"OCCURRENCE_STATUS_INFERRED_FROM_INDIVIDUAL_COUNT","OCCURRENCE_STATUS_INFERRED_FROM_INDIVIDUAL_COUNT","","","","","",""
"OCCURRENCE_STATUS_UNPARSABLE","OCCURRENCE_STATUS_UNPARSABLE","","","","","",""
"PRESUMED_NEGATED_LATITUDE","PRESUMED_NEGATED_LATITUDE","","","","","",""
"PRESUMED_NEGATED_LONGITUDE","PRESUMED_NEGATED_LONGITUDE","","","","","",""
"PRESUMED_SWAPPED_COORDINATE","PRESUMED_SWAPPED_COORDINATE","","","","","",""
"RECORDED_DATE_INVALID","RECORDED_DATE_INVALID","","","","","",""
"RECORDED_DATE_MISMATCH","RECORDED_DATE_MISMATCH","","","","","",""
"RECORDED_DATE_UNLIKELY","RECORDED_DATE_UNLIKELY","","","","","",""
"REFERENCES_URI_INVALID","REFERENCES_URI_INVALID","","","","","",""
"SCIENTIFIC_NAME_AND_ID_INCONSISTENT","SCIENTIFIC_NAME_AND_ID_INCONSISTENT","","","","","",""
"SCIENTIFIC_NAME_ID_NOT_FOUND","SCIENTIFIC_NAME_ID_NOT_FOUND","","","","","",""
"SENSITIVITY_REPORT_INVALID","SENSITIVITY_REPORT_INVALID","","","","","",""
"SENSITIVITY_REPORT_NOT_LOADABLE","SENSITIVITY_REPORT_NOT_LOADABLE","","","","","",""
"STATE_COORDINATE_MISMATCH","STATE_COORDINATE_MISMATCH","","","","","",""
"TAXON_AFFINITY_SPECIES","TAXON_AFFINITY_SPECIES","","","","","",""
"TAXON_CONCEPT_ID_NOT_FOUND","TAXON_CONCEPT_ID_NOT_FOUND","","","","","",""
"TAXON_CONFER_SPECIES","TAXON_CONFER_SPECIES","","","","","",""
"TAXON_DEFAULT_MATCH","TAXON_DEFAULT_MATCH","","","","","",""
"TAXON_ERROR","TAXON_ERROR","","","","","",""
"TAXON_EXCLUDED","TAXON_EXCLUDED","","","","","",""
"TAXON_EXCLUDED_ASSOCIATED","TAXON_EXCLUDED_ASSOCIATED","","","","","",""
"TAXON_HOMONYM","TAXON_HOMONYM","","","","","",""
"TAXON_ID_NOT_FOUND","TAXON_ID_NOT_FOUND","","","","","",""
"TAXON_INDETERMINATE_SPECIES","TAXON_INDETERMINATE_SPECIES","","","","","",""
"TAXON_MATCH_AGGREGATE","TAXON_MATCH_AGGREGATE","","","","","",""
"TAXON_MATCH_FUZZY","TAXON_MATCH_FUZZY","","","","","",""
"TAXON_MATCH_HIGHERRANK","TAXON_MATCH_HIGHERRANK","","","","","",""
"TAXON_MATCH_NAME_AND_ID_AMBIGUOUS","TAXON_MATCH_NAME_AND_ID_AMBIGUOUS","","","","","",""
"TAXON_MATCH_NONE","TAXON_MATCH_NONE","","","","","",""
"TAXON_MATCH_SCIENTIFIC_NAME_ID_IGNORED","TAXON_MATCH_SCIENTIFIC_NAME_ID_IGNORED","","","","","",""
"TAXON_MATCH_TAXON_CONCEPT_ID_IGNORED","TAXON_MATCH_TAXON_CONCEPT_ID_IGNORED","","","","","",""
"TAXON_MATCH_TAXON_ID_IGNORED","TAXON_MATCH_TAXON_ID_IGNORED","","","","","",""
"TAXON_MISAPPLIED","TAXON_MISAPPLIED","","","","","",""
"TAXON_MISAPPLIED_MATCHED","TAXON_MISAPPLIED_MATCHED","","","","","",""
"TAXON_PARENT_CHILD_SYNONYM","TAXON_PARENT_CHILD_SYNONYM","","","","","",""
"TAXON_QUESTION_SPECIES","TAXON_QUESTION_SPECIES","","","","","",""
"TAXON_SCOPE_MISMATCH","TAXON_SCOPE_MISMATCH","","","","","",""
"TAXON_SPECIES_PLURAL","TAXON_SPECIES_PLURAL","","","","","",""
"taxonomicIssue","taxonomicIssue","","","","","",""
"temporalIssue","temporalIssue","","","","","",""
"TYPE_STATUS_INVALID","TYPE_STATUS_INVALID","","","","","",""
"UNCERTAINTY_IN_PRECISION","UNCERTAINTY_IN_PRECISION","","","","","",""
"UNCERTAINTY_NOT_SPECIFIED","UNCERTAINTY_NOT_SPECIFIED","","","","","",""
"UNKNOWN_COUNTRY_NAME","UNKNOWN_COUNTRY_NAME","","","","","",""
"UNKNOWN_KINGDOM","UNKNOWN_KINGDOM","","","","","",""
"UNRECOGNISED_COLLECTION_CODE","UNRECOGNISED_COLLECTION_CODE","","","","","",""
"UNRECOGNISED_INSTITUTION_CODE","UNRECOGNISED_INSTITUTION_CODE","","","","","",""
"userAssertionOther","userAssertionOther","","","","","",""
"userDuplicateRecord","userDuplicateRecord","","","","","",""
"ZERO_COORDINATE","ZERO_COORDINATE","","","","","",""
