"UID","Name","DOI","Citation","Rights","More Information","Data generalisations","Information withheld","Download limit","Number of Records in Download"
"dr1411","iNaturalist Australia","","iNaturalist.org: iNaturalist Research-grade Observations. doi:10.15468/ab3s5x
Accessed via http://www.gbif.org/dataset/50c9509d-22c7-4a22-a47d-8c48425ef4a7 on 2017-03-16","CC-BY-NC-Int","For more information: https://collections.ala.org.au/public/show/dr1411","","","","10"
"dr364","ALA species sightings and OzAtlas","10.15468/jayxmn","Individual sighting: Atlas of Living Australia (2023) Individual sighting dataset
Test sighting: Atlas of Living Australia (2023) Test sighting dataset
","CC-BY","For more information: https://collections.ala.org.au/public/show/dr364","","","","13"
"dr7973","cPlatypus","10.15468/vt3gjf","Records provided by cPlatypus, accessed through ALA website.","Creative Commons Attribution-Noncommercial (International) (CC-BY-NC 2.5 (Int))","For more information: https://collections.ala.org.au/public/show/dr7973","","","","3"
"dr360","Encyclopedia of Life Images - Flickr Group","","Citation is at the individual image","Creative Commons - license at record level (Creative Commons - license at record level)","For more information: https://collections.ala.org.au/public/show/dr360","","","","2"
"dp29","Flickr","","Records provided by Flickr, accessed through ALA website.","","For more information: https://collections.ala.org.au/public/show/dp29","","","","2"
